{
    "valid_keys": {
        "Dinotool-HNQI9OIl": {
            "user_id_generator": 7193749511,
            "generation_time": 1744401110.220278,
            "expiry_time": 1744444310.220278,
            "used_by": 7193749511
        },
        "Dinotool-hRm55dk2": {
            "user_id_generator": 5834448297,
            "generation_time": 1744401683.0866928,
            "expiry_time": 1744444883.0866928,
            "used_by": 5834448297
        },
        "Dinotool-ciVAvvbx": {
            "user_id_generator": 7193749511,
            "generation_time": 1744402933.3935325,
            "expiry_time": 1744446133.3935325,
            "used_by": 136817688
        },
        "Dinotool-L8bnRTEv": {
            "user_id_generator": 6956777864,
            "generation_time": 1744404279.4616742,
            "expiry_time": 1744447479.4616742,
            "used_by": 6956777864
        },
        "Dinotool-6l5pOTnv": {
            "user_id_generator": 7267246841,
            "generation_time": 1744411859.9427576,
            "expiry_time": 1744455059.9427576,
            "used_by": 7267246841
        },
        "Dinotool-wld4Cyp5": {
            "user_id_generator": 5680547671,
            "generation_time": 1744412145.679572,
            "expiry_time": 1744455345.679572,
            "used_by": 5680547671
        },
        "Dinotool-5nlewlhy": {
            "user_id_generator": 6506791710,
            "generation_time": 1744412624.2305694,
            "expiry_time": 1744455824.2305694,
            "used_by": 1466267759
        },
        "Dinotool-k4XwY1Yi": {
            "user_id_generator": 6009248983,
            "generation_time": 1744413490.691245,
            "expiry_time": 1744456690.691245,
            "used_by": 6009248983
        },
        "Dinotool-3fvj6wvt": {
            "user_id_generator": 6818088053,
            "generation_time": 1744414035.9303322,
            "expiry_time": 1744457235.9303322,
            "used_by": 6818088053
        },
        "Dinotool-KLIEMsmH": {
            "user_id_generator": 5821922356,
            "generation_time": 1744414761.7313476,
            "expiry_time": 1744457961.7313476,
            "used_by": 5821922356
        },
        "Dinotool-aeZPsAXu": {
            "user_id_generator": 7130302519,
            "generation_time": 1744416180.2817519,
            "expiry_time": 1744459380.2817519,
            "used_by": 7130302519
        },
        "Dinotool-tIe8y5hT": {
            "user_id_generator": 7574978333,
            "generation_time": 1744416186.016219,
            "expiry_time": 1744459386.016219,
            "used_by": 7574978333
        },
        "Dinotool-jIT8cgvF": {
            "user_id_generator": 7050272029,
            "generation_time": 1744420087.9322872,
            "expiry_time": 1744463287.9322872,
            "used_by": 7050272029
        },
        "Dinotool-Vso66L0I": {
            "user_id_generator": 6381816278,
            "generation_time": 1744420255.4180748,
            "expiry_time": 1744463455.4180748,
            "used_by": 7193749511
        },
        "Dinotool-Ri66V22I": {
            "user_id_generator": 7193749511,
            "generation_time": 1744422877.295824,
            "expiry_time": 1744466077.295824,
            "used_by": 7193749511
        },
        "Dinotool-E9oImEt9": {
            "user_id_generator": 1440940677,
            "generation_time": 1744423389.547445,
            "expiry_time": 1744466589.547445,
            "used_by": 1440940677
        },
        "Dinotool-8IbRYBGy": {
            "user_id_generator": 1639558108,
            "generation_time": 1744437133.9003108,
            "expiry_time": 1744480333.9003108,
            "used_by": 1639558108
        },
        "Dinotool-WxFEmPN1": {
            "user_id_generator": 5778976510,
            "generation_time": 1744438072.7272553,
            "expiry_time": 1744481272.7272553,
            "used_by": 5778976510
        },
        "Dinotool-pGVe06ND": {
            "user_id_generator": 2017212789,
            "generation_time": 1744442838.962458,
            "expiry_time": 1744486038.962458,
            "used_by": 2017212789
        },
        "Dinotool-fr97JHTw": {
            "user_id_generator": 5049219683,
            "generation_time": 1744445091.9613116,
            "expiry_time": 1744488291.9613116,
            "used_by": 5049219683
        },
        "Dinotool-QXwIcLoF": {
            "user_id_generator": 5966596809,
            "generation_time": 1744445773.1009784,
            "expiry_time": 1744488973.1009784,
            "used_by": 5966596809
        },
        "Dinotool-ytPrP8Nv": {
            "user_id_generator": 7112988712,
            "generation_time": 1744449676.4964457,
            "expiry_time": 1744492876.4964457,
            "used_by": 7112988712
        },
        "Dinotool-2S8lHvKe": {
            "user_id_generator": 6212035034,
            "generation_time": 1744452588.4771194,
            "expiry_time": 1744495788.4771194,
            "used_by": 6212035034
        },
        "Dinotool-V2cUDWDj": {
            "user_id_generator": 5495563512,
            "generation_time": 1744452912.8374517,
            "expiry_time": 1744496112.8374517,
            "used_by": 5495563512
        },
        "Dinotool-jhmTs00S": {
            "user_id_generator": 6506791710,
            "generation_time": 1744453987.072571,
            "expiry_time": 1744497187.072571,
            "used_by": 6506791710
        },
        "Dinotool-7B0u4KU0": {
            "user_id_generator": 5533616042,
            "generation_time": 1744454546.259128,
            "expiry_time": 1744497746.259128,
            "used_by": 5533616042
        },
        "Dinotool-Ahh5VE6K": {
            "user_id_generator": 5680547671,
            "generation_time": 1744457662.5668178,
            "expiry_time": 1744500862.5668178,
            "used_by": 5680547671
        },
        "Dinotool-gnGG2sCU": {
            "user_id_generator": 6778707203,
            "generation_time": 1744460011.7075508,
            "expiry_time": 1744503211.7075508,
            "used_by": 6778707203
        },
        "Dinotool-68gezik4": {
            "user_id_generator": 7574978333,
            "generation_time": 1744461446.348495,
            "expiry_time": 1744504646.348495,
            "used_by": 7574978333
        },
        "Dinotool-VAoxLJC0": {
            "user_id_generator": 7641042548,
            "generation_time": 1744462329.442859,
            "expiry_time": 1744505529.442859,
            "used_by": 7641042548
        },
        "Dinotool-6paCbjqz": {
            "user_id_generator": 7756735388,
            "generation_time": 1744462458.1778843,
            "expiry_time": 1744505658.1778843,
            "used_by": 7756735388
        },
        "Dinotool-ZqnJMQbW": {
            "user_id_generator": 5471109569,
            "generation_time": 1744464977.7063286,
            "expiry_time": 1744508177.7063286,
            "used_by": 5471109569
        },
        "Dinotool-joSAZXFt": {
            "user_id_generator": 6905200149,
            "generation_time": 1744466487.6908898,
            "expiry_time": 1744509687.6908898,
            "used_by": 6905200149
        },
        "Dinotool-ybhMOxsh": {
            "user_id_generator": 1440940677,
            "generation_time": 1744467598.6278841,
            "expiry_time": 1744510798.6278841,
            "used_by": 1440940677
        },
        "Dinotool-uo30J9lz": {
            "user_id_generator": 6009248983,
            "generation_time": 1744467970.1600463,
            "expiry_time": 1744511170.1600463,
            "used_by": 6009248983
        },
        "Dinotool-o9VBUWHr": {
            "user_id_generator": 6140477212,